<?xml version="1.0" encoding="UTF-8" standalone="yes"?>
<addon id="plugin.program.UpdateKinoTvBox" name="[COLOR orange]Install KinoTvBox[/COLOR]" version="2.0" provider-name="ParesBanderas">
  <requires>
    <import addon="xbmc.python" version="2.1.0"/>
  </requires>
  <extension point="xbmc.python.pluginsource" library="default.py">
    <provides>executable</provides>
  </extension>
  <extension point="xbmc.service" library="startup.py" start="startup" />
  <extension point="xbmc.addon.metadata">
    <summary lang="en">KinoTvBox-Setup</summary>
    <description lang="en">Dieser Wizard erlaubt es Schnell und einfach KinoTvBox zu installieren </description>
    <platform>all</platform>
  </extension>
</addon>
